DATUM;PRIS;SUBSTANSVÄRDE;BERÄKNAT_SUBSTANSVÄRDE
2016-03-10;1.1;1.21;1.21
2016-03-11;1.11;1.21;1.21
2016-03-14;1.11;1.21;1.21
2016-03-15;1.12;1.21;1.21
2016-03-16;1.13;1.21;1.21
2016-03-17;1.14;1.21;1.21
2016-03-18;1.13;1.21;1.21
2016-03-21;1.1;1.21;1.21
2016-03-22;1.13;1.21;1.21
2016-03-23;1.15;1.21;1.21
2016-03-24;1.13;1.21;1.21
2016-03-29;1.1;1.21;1.21
2016-03-30;1.11;1.21;1.21
2016-03-31;1.14;1.21;1.21
2016-04-01;1.13;1.21;1.21
2016-04-04;1.12;1.21;1.21
2016-04-05;1.13;1.21;1.21
2016-04-06;1.12;1.21;1.21
2016-04-07;1.14;1.21;1.21
2016-04-08;1.14;1.21;1.21
2016-04-11;1.13;1.21;1.21
2016-04-12;1.14;1.21;1.21
2016-04-13;1.13;1.21;1.21
2016-04-14;1.13;1.21;1.21
2016-04-15;1.14;1.21;1.21
2016-04-18;1.11;1.21;1.21
2016-04-19;1.12;1.21;1.21
2016-04-20;1.14;1.21;1.21
2016-04-21;1.13;1.21;1.21
2016-04-22;1.11;1.21;1.21
2016-04-25;1.1;1.21;1.21
2016-04-26;1.1;1.21;1.21
2016-04-27;1.12;1.21;1.21
2016-04-28;1.09;1.21;1.21
2016-04-29;1.08;1.21;1.21
2016-05-02;1.07;1.21;1.21
2016-05-03;1.06;1.21;1.21
2016-05-04;1.05;1.21;1.21
2016-05-06;1.02;1.21;1.21
2016-05-09;1.08;1.21;1.21
2016-05-10;1.09;1.21;1.21
2016-05-11;1.09;1.21;1.21
2016-05-12;1.07;1.21;1.21
2016-05-13;1.06;1.21;1.21
2016-05-16;1.06;1.21;1.21
2016-05-17;1.08;1.21;1.21
2016-05-18;1.12;1.21;1.21
2016-05-19;1.12;1.21;1.21
2016-05-20;1.1;1.21;1.21
2016-05-23;1.11;1.21;1.21
2016-05-24;1.11;1.21;1.21
2016-05-25;1.12;1.21;1.21
2016-05-26;1.13;1.21;1.21
2016-05-27;1.1;1.21;1.21
2016-05-30;1.12;1.21;1.21
2016-05-31;1.11;1.21;1.21
2016-06-01;1.07;1.21;1.21
2016-06-02;1.09;1.21;1.21
2016-06-03;1.12;1.21;1.21
2016-06-07;1.13;1.21;1.21
2016-06-08;1.12;1.21;1.21
2016-06-09;1.14;1.21;1.21
2016-06-10;1.1;1.21;1.21
2016-06-13;1.1;1.21;1.21
2016-06-14;1.1;1.21;1.21
2016-06-15;1.09;1.21;1.21
2016-06-16;1.09;1.21;1.21
2016-06-17;1.1;1.21;1.21
2016-06-20;1.1;1.21;1.21
2016-06-21;1.1;1.21;1.21
2016-06-22;1.12;1.21;1.21
2016-06-23;1.13;1.21;1.21
2016-06-27;1.07;1.21;1.21
2016-06-28;1.11;1.21;1.21
2016-06-29;1.11;1.21;1.21
2016-06-30;1.1;1.21;1.21
2016-07-01;1.12;1.21;1.21
2016-07-04;1.14;1.21;1.21
2016-07-05;1.14;1.21;1.21
2016-07-06;1.12;1.21;1.21
2016-07-07;1.1;1.21;1.21
2016-07-08;1.11;1.21;1.21
2016-07-11;1.11;1.21;1.21
2016-07-12;1.1;1.21;1.21
2016-07-13;1.09;1.21;1.21
2016-07-14;1.1;1.21;1.21
2016-07-15;1.12;1.21;1.21
2016-07-18;1.1;1.21;1.21
2016-07-19;1.1;1.21;1.21
2016-07-20;1.11;1.21;1.21
2016-07-21;1.1;1.21;1.21
2016-07-22;1.12;1.21;1.21
2016-07-25;1.13;1.21;1.21
2016-07-26;1.14;1.21;1.21
2016-07-27;1.16;1.21;1.21
2016-07-28;1.17;1.21;1.21
2016-07-29;1.2;1.21;1.21
2016-08-01;1.22;1.21;1.21
2016-08-02;1.24;1.21;1.21
2016-08-03;1.22;1.21;1.21
2016-08-04;1.23;1.21;1.21
2016-08-05;1.23;1.21;1.21
2016-08-08;1.22;1.21;1.21
2016-08-09;1.22;1.21;1.21
2016-08-10;1.22;1.21;1.21
2016-08-11;1.23;1.21;1.21
2016-08-12;1.22;1.21;1.21
2016-08-15;1.19;1.21;1.21
2016-08-16;1.2;1.21;1.21
2016-08-17;1.19;1.21;1.21
2016-08-18;1.2;1.21;1.21
2016-08-19;1.24;1.21;1.21
2016-08-22;1.23;1.21;1.21
2016-08-23;1.23;1.21;1.21
2016-08-24;1.25;1.21;1.21
2016-08-25;1.25;1.21;1.21
2016-08-26;1.25;1.21;1.21
2016-08-29;1.23;1.21;1.21
2016-08-30;1.27;1.21;1.21
2016-08-31;1.25;1.4;1.4
2016-09-01;1.25;1.4;1.4
2016-09-02;1.27;1.4;1.4
2016-09-05;1.27;1.4;1.4
2016-09-06;1.27;1.4;1.4
2016-09-07;1.27;1.4;1.4
2016-09-08;1.27;1.4;1.4
2016-09-09;1.25;1.4;1.4
2016-09-12;1.24;1.4;1.4
2016-09-13;1.24;1.4;1.4
2016-09-14;1.26;1.4;1.4
2016-09-15;1.23;1.4;1.4
2016-09-16;1.25;1.4;1.4
2016-09-19;1.25;1.4;1.4
2016-09-20;1.24;1.4;1.4
2016-09-21;1.23;1.4;1.4
2016-09-22;1.25;1.4;1.4
2016-09-23;1.24;1.4;1.4
2016-09-26;1.26;1.4;1.4
2016-09-27;1.25;1.4;1.4
2016-09-28;1.25;1.4;1.4
2016-09-29;1.27;1.4;1.4
2016-09-30;1.27;1.4;1.4
2016-10-03;1.26;1.4;1.4
2016-10-04;1.33;1.4;1.4
2016-10-05;1.3;1.4;1.4
2016-10-06;1.37;1.4;1.4
2016-10-07;1.35;1.4;1.4
2016-10-10;1.33;1.4;1.4
2016-10-11;1.36;1.4;1.4
2016-10-12;1.34;1.4;1.4
2016-10-13;1.33;1.4;1.4
2016-10-14;1.39;1.4;1.4
2016-10-17;1.44;1.4;1.4
2016-10-18;1.46;1.4;1.4
2016-10-19;1.44;1.4;1.4
2016-10-20;1.42;1.4;1.4
2016-10-21;1.43;1.4;1.4
2016-10-24;1.44;1.4;1.4
2016-10-25;1.48;1.4;1.4
2016-10-26;1.49;1.4;1.4
2016-10-27;1.49;1.4;1.4
2016-10-28;1.49;1.4;1.4
2016-10-31;1.48;1.4;1.4
2016-11-01;1.45;1.4;1.4
2016-11-02;1.44;1.4;1.4
2016-11-03;1.45;1.4;1.4
2016-11-04;1.45;1.4;1.4
2016-11-07;1.43;1.4;1.4
2016-11-08;1.41;1.4;1.4
2016-11-09;1.41;1.4;1.4
2016-11-10;1.41;1.4;1.4
2016-11-11;1.4;1.4;1.4
2016-11-14;1.42;1.4;1.4
2016-11-15;1.4;1.4;1.4
2016-11-16;1.41;1.4;1.4
2016-11-17;1.4;1.4;1.4
2016-11-18;1.44;1.4;1.4
2016-11-21;1.41;1.4;1.4
2016-11-22;1.42;1.4;1.4
2016-11-23;1.42;1.4;1.4
2016-11-24;1.42;1.4;1.4
2016-11-25;1.42;1.4;1.4
2016-11-28;1.4;1.4;1.4
2016-11-29;1.4;1.4;1.4
2016-11-30;1.42;1.6;1.6
2016-12-01;1.41;1.6;1.6
2016-12-02;1.43;1.6;1.6
2016-12-05;1.43;1.6;1.6
2016-12-06;1.47;1.6;1.6
2016-12-07;1.5;1.6;1.6
2016-12-08;1.51;1.6;1.6
2016-12-09;1.54;1.6;1.6
2016-12-12;1.67;1.6;1.6
2016-12-13;1.74;1.6;1.6
2016-12-14;1.71;1.6;1.6
2016-12-15;1.78;1.6;1.6
2016-12-16;1.73;1.6;1.6
2016-12-19;1.7;1.6;1.6
2016-12-20;1.65;1.6;1.6
2016-12-21;1.68;1.6;1.6
2016-12-22;1.63;1.6;1.6
2016-12-23;1.66;1.6;1.6
2016-12-26;1.66;1.6;1.6
2016-12-27;1.7;1.6;1.6
2016-12-28;1.7;1.6;1.6
2016-12-29;1.69;1.6;1.6
2016-12-30;1.66;1.6;1.6
2017-01-02;1.69;1.6;1.6
2017-01-03;1.7;1.6;1.6
2017-01-04;1.7;1.6;1.6
2017-01-05;1.69;1.6;1.6
2017-01-06;1.69;1.6;1.6
2017-01-09;1.68;1.6;1.6
2017-01-10;1.69;1.6;1.6
2017-01-11;1.7;1.6;1.6
2017-01-12;1.72;1.6;1.6
2017-01-13;1.7;1.6;1.6
2017-01-16;1.7;1.6;1.6
2017-01-17;1.69;1.6;1.6
2017-01-18;1.69;1.6;1.6
2017-01-19;1.71;1.6;1.6
2017-01-20;1.7;1.6;1.6
2017-01-23;1.67;1.6;1.6
2017-01-24;1.67;1.6;1.6
2017-01-25;1.71;1.6;1.6
2017-01-26;1.71;1.6;1.6
2017-01-27;1.7;1.6;1.6
2017-01-30;1.71;1.6;1.6
2017-01-31;1.74;1.6;1.6
2017-02-01;1.75;1.6;1.6
2017-02-02;1.69;1.6;1.6
2017-02-03;1.7;1.6;1.6
2017-02-06;1.67;1.6;1.6
2017-02-07;1.66;1.6;1.6
2017-02-08;1.69;1.6;1.6
2017-02-09;1.74;1.6;1.6
2017-02-10;1.72;1.6;1.6
2017-02-13;1.74;1.6;1.6
2017-02-14;1.72;1.6;1.6
2017-02-15;1.67;1.6;1.6
2017-02-16;1.63;1.6;1.6
2017-02-17;1.58;1.6;1.6
2017-02-20;1.66;1.6;1.6
2017-02-21;1.65;1.6;1.6
2017-02-22;1.71;1.6;1.6
2017-02-23;1.7;1.6;1.6
2017-02-24;1.72;1.6;1.6
2017-02-27;1.72;1.6;1.6
2017-02-28;1.73;1.6;1.6
2017-03-01;1.75;1.6;1.6
2017-03-02;1.75;1.6;1.6
2017-03-03;1.78;1.6;1.6
2017-03-06;1.78;1.6;1.6
2017-03-07;1.76;1.6;1.6
2017-03-08;1.76;1.6;1.6
2017-03-09;1.76;1.6;1.6
2017-03-10;1.74;1.6;1.6
2017-03-13;1.72;1.6;1.6
2017-03-14;1.72;1.6;1.6
2017-03-15;1.7;1.98;1.98
2017-03-16;1.7;1.98;1.98
2017-03-17;1.71;1.98;1.98
2017-03-20;1.72;1.98;1.98
2017-03-21;1.68;1.98;1.98
2017-03-22;1.69;1.98;1.98
2017-03-23;1.69;1.98;1.98
2017-03-24;1.67;1.98;1.98
2017-03-27;1.67;1.98;1.98
2017-03-28;1.7;1.98;1.98
2017-03-29;1.68;1.98;1.98
2017-03-30;1.68;1.98;1.98
2017-03-31;1.67;1.98;1.98
2017-04-03;1.66;1.98;1.98
2017-04-04;1.66;1.98;1.98
2017-04-05;1.65;1.98;1.98
2017-04-06;1.66;1.98;1.98
2017-04-07;1.65;1.98;1.98
2017-04-10;1.68;1.98;1.98
2017-04-11;1.67;1.98;1.98
2017-04-12;1.66;1.98;1.98
2017-04-13;1.69;1.98;1.98
2017-04-14;1.69;1.98;1.98
2017-04-17;1.69;1.98;1.98
2017-04-18;1.7;1.98;1.98
2017-04-19;1.67;1.98;1.98
2017-04-20;1.65;1.98;1.98
2017-04-21;1.65;1.98;1.98
2017-04-24;1.65;1.98;1.98
2017-04-25;1.65;1.98;1.98
2017-04-26;1.64;1.98;1.98
2017-04-27;1.64;1.98;1.98
2017-04-28;1.64;1.98;1.98
2017-05-01;1.64;1.98;1.98
2017-05-02;1.68;1.98;1.98
2017-05-03;1.7;1.98;1.98
2017-05-04;1.7;1.98;1.98
2017-05-05;1.71;1.98;1.98
2017-05-08;1.7;1.98;1.98
2017-05-09;1.72;1.98;1.98
2017-05-10;1.7;1.98;1.98
2017-05-11;1.7;1.98;1.98
2017-05-12;1.73;1.98;1.98
2017-05-15;1.73;1.98;1.98
2017-05-16;1.73;1.98;1.98
2017-05-17;1.72;2.05;2.05
2017-05-18;1.74;2.05;2.05
2017-05-19;1.76;2.05;2.05
2017-05-22;1.78;2.05;2.05
2017-05-23;1.71;2.05;2.05
2017-05-24;1.72;2.05;2.05
2017-05-25;1.72;2.05;2.05
2017-05-26;1.74;2.05;2.05
2017-05-29;1.72;2.05;2.05
2017-05-30;1.75;2.05;2.05
2017-05-31;1.72;2.05;2.05
2017-06-01;1.73;2.05;2.05
2017-06-02;1.77;2.05;2.05
2017-06-05;1.78;2.05;2.05
2017-06-06;1.78;2.05;2.05
2017-06-07;1.73;2.05;2.05
2017-06-08;1.76;2.05;2.05
2017-06-09;1.77;2.05;2.05
2017-06-12;1.8;2.05;2.05
2017-06-13;1.81;2.05;2.05
2017-06-14;1.8;2.05;2.05
2017-06-15;1.8;2.05;2.05
2017-06-16;1.8;2.05;2.05
2017-06-19;1.8;2.05;2.05
2017-06-20;1.88;2.05;2.05
2017-06-21;1.92;2.05;2.05
2017-06-22;1.94;2.05;2.05
2017-06-23;1.94;2.05;2.05
2017-06-26;1.96;2.05;2.05
2017-06-27;1.98;2.05;2.05
2017-06-28;2;2.05;2.05
2017-06-29;1.93;2.05;2.05
2017-06-30;1.96;2.05;2.05
2017-07-03;2;2.05;2.05
2017-07-04;1.99;2.05;2.05
2017-07-05;1.95;2.05;2.05
2017-07-06;1.99;2.05;2.05
2017-07-07;1.94;2.05;2.05
2017-07-10;1.93;2.05;2.05
2017-07-11;1.91;2.05;2.05
2017-07-12;1.88;2.05;2.05
2017-07-13;1.85;2.05;2.05
2017-07-14;1.92;2.05;2.05
2017-07-17;1.94;2.05;2.05
2017-07-18;1.87;2.05;2.05
2017-07-19;1.9;2.05;2.05
2017-07-20;1.9;2.05;2.05
2017-07-21;1.87;2.05;2.05
2017-07-24;1.89;2.05;2.05
2017-07-25;1.89;2.05;2.05
2017-07-26;1.92;2.05;2.05
2017-07-27;1.93;2.05;2.05
2017-07-28;1.9;2.05;2.05
2017-07-31;1.86;2.05;2.05
2017-08-01;1.85;2.05;2.05
2017-08-02;1.83;2.05;2.05
2017-08-03;1.82;2.05;2.05
2017-08-04;1.8;2.05;2.05
2017-08-07;1.8;2.05;2.05
2017-08-08;1.8;2.05;2.05
2017-08-09;1.82;2.05;2.05
2017-08-10;1.82;2.05;2.05
2017-08-11;1.74;2.05;2.05
2017-08-14;1.73;2.05;2.05
2017-08-15;1.74;2.05;2.05
2017-08-16;1.72;2.05;2.05
2017-08-17;1.73;2.05;2.05
2017-08-18;1.71;2.05;2.05
2017-08-21;1.77;2.05;2.05
2017-08-22;1.73;2.05;2.05
2017-08-23;1.75;2.05;2.05
2017-08-24;1.8;2.05;2.05
2017-08-25;1.74;2.05;2.05
2017-08-28;1.84;2.05;2.05
2017-08-29;1.81;2.05;2.05
2017-08-30;1.84;2.04;2.04
2017-08-31;1.78;2.04;2.04
2017-09-01;1.78;2.04;2.04
2017-09-04;1.75;2.04;2.04
2017-09-05;1.78;2.04;2.04
2017-09-06;1.75;2.04;2.04
2017-09-07;1.74;2.04;2.04
2017-09-08;1.75;2.04;2.04
2017-09-11;1.78;2.04;2.04
2017-09-12;1.76;2.04;2.04
2017-09-13;1.78;2.04;2.04
2017-09-14;1.77;2.04;2.04
2017-09-15;1.74;2.04;2.04
2017-09-18;1.74;2.04;2.04
2017-09-19;1.74;2.04;2.04
2017-09-20;1.74;2.04;2.04
2017-09-21;1.73;2.04;2.04
2017-09-22;1.74;2.04;2.04
2017-09-25;1.73;2.04;2.04
2017-09-26;1.75;2.04;2.04
2017-09-27;1.82;2.04;2.04
2017-09-28;1.86;2.04;2.04
2017-09-29;1.81;2.04;2.04
2017-10-02;1.81;2.04;2.04
2017-10-03;1.81;2.04;2.04
2017-10-04;1.8;2.04;2.04
2017-10-05;1.75;2.04;2.04
2017-10-06;1.77;2.04;2.04
2017-10-09;1.75;2.04;2.04
2017-10-10;1.75;2.04;2.04
2017-10-11;1.77;2.04;2.04
2017-10-12;1.82;2.04;2.04
2017-10-13;1.78;2.04;2.04
2017-10-16;1.78;2.04;2.04
2017-10-17;1.77;2.04;2.04
2017-10-18;1.8;2.04;2.04
2017-10-19;1.83;2.04;2.04
2017-10-20;1.81;2.04;2.04
2017-10-23;1.85;2.04;2.04
2017-10-24;1.83;2.04;2.04
2017-10-25;1.8;2.04;2.04
2017-10-26;1.8;2.04;2.04
2017-10-27;1.8;2.04;2.04
2017-10-30;1.83;2.04;2.04
2017-10-31;1.83;2.04;2.04
2017-11-01;1.8;2.04;2.04
2017-11-02;1.94;2.04;2.04
2017-11-03;1.92;2.04;2.04
2017-11-06;1.88;2.04;2.04
2017-11-07;1.92;2.04;2.04
2017-11-08;1.92;2.04;2.04
2017-11-09;2;2.04;2.04
2017-11-10;2;2.04;2.04
2017-11-13;2.03;2.04;2.04
2017-11-14;2.01;2.04;2.04
2017-11-15;2.04;2.04;2.04
2017-11-16;1.99;2.04;2.04
2017-11-17;2;2.04;2.04
2017-11-20;2.04;2.04;2.04
2017-11-21;2.09;2.04;2.04
2017-11-22;2.1;2.04;2.04
2017-11-23;2.07;2.04;2.04
2017-11-24;2.15;2.04;2.04
2017-11-27;2.24;2.04;2.04
2017-11-28;2.25;2.04;2.04
2017-11-29;2.3;2.29;2.29
2017-11-30;2.25;2.29;2.29
2017-12-01;2.14;2.29;2.29
2017-12-04;2.12;2.29;2.29
2017-12-05;2.1;2.29;2.29
2017-12-06;2.03;2.29;2.29
2017-12-07;2.07;2.29;2.29
2017-12-08;2.07;2.29;2.29
2017-12-11;2.07;2.29;2.29
2017-12-12;2.07;2.29;2.29
2017-12-13;2.08;2.29;2.29
2017-12-14;2.07;2.29;2.29
2017-12-15;2.07;2.29;2.29
2017-12-18;2.07;2.29;2.29
2017-12-19;2.15;2.29;2.29
2017-12-20;2.13;2.29;2.29
2017-12-21;2.14;2.29;2.29
2017-12-22;2.15;2.29;2.29
2017-12-25;2.15;2.29;2.29
2017-12-26;2.15;2.29;2.29
2017-12-27;2.15;2.29;2.29
2017-12-28;2.11;2.29;2.29
2017-12-29;2.13;2.29;2.29
2018-01-01;2.13;2.29;2.29
2018-01-02;2.13;2.29;2.29
2018-01-03;2.16;2.29;2.29
2018-01-04;2.14;2.29;2.29
2018-01-05;2.1;2.29;2.29
2018-01-08;2.09;2.29;2.29
2018-01-09;2.13;2.29;2.29
2018-01-10;2.11;2.29;2.29
2018-01-11;2.14;2.29;2.29
2018-01-12;2.15;2.29;2.29
2018-01-15;2.14;2.29;2.29
2018-01-16;2.12;2.29;2.29
2018-01-17;2.13;2.29;2.29
2018-01-18;2.15;2.29;2.29
2018-01-19;2.14;2.29;2.29
2018-01-22;2.15;2.29;2.29
2018-01-23;2.2;2.29;2.29
2018-01-24;2.18;2.29;2.29
2018-01-25;2.16;2.29;2.29
2018-01-26;2.15;2.29;2.29
2018-01-29;2.15;2.29;2.29
2018-01-30;2.12;2.29;2.29
2018-01-31;2.15;2.29;2.29
2018-02-01;2.18;2.29;2.29
2018-02-02;2.14;2.29;2.29
2018-02-05;2.09;2.29;2.29
2018-02-06;2.09;2.29;2.29
2018-02-07;2.09;2.29;2.29
2018-02-08;2.09;2.29;2.29
2018-02-09;2.1;2.29;2.29
2018-02-12;2.08;2.29;2.29
2018-02-13;2.05;2.29;2.29
2018-02-14;2.06;2.29;2.29
2018-02-15;2.05;2.29;2.29
2018-02-16;2.06;2.29;2.29
2018-02-19;2.04;2.29;2.29
2018-02-20;2.07;2.29;2.29
2018-02-21;2.08;2.29;2.29
2018-02-22;2.15;2.29;2.29
2018-02-23;2.14;2.29;2.29
2018-02-26;2.13;2.29;2.29
2018-02-27;2.14;2.29;2.29
2018-02-28;2.17;2.29;2.29
2018-03-01;2.15;2.29;2.29
2018-03-02;2.14;2.29;2.29
2018-03-05;2.14;2.29;2.29
2018-03-06;2.15;2.29;2.29
2018-03-07;2.16;2.48;2.48
2018-03-08;2.2;2.48;2.48
2018-03-09;2.2;2.48;2.48
2018-03-12;2.16;2.48;2.48
2018-03-13;2.19;2.48;2.48
2018-03-14;2.16;2.48;2.48
2018-03-15;2.15;2.48;2.48
2018-03-16;2.13;2.48;2.48
2018-03-19;2.15;2.48;2.48
2018-03-20;2.13;2.48;2.48
2018-03-21;2.13;2.48;2.48
2018-03-22;2.09;2.48;2.48
2018-03-23;2.06;2.48;2.48
2018-03-26;2.03;2.48;2.48
2018-03-27;2.05;2.48;2.48
2018-03-28;2.03;2.48;2.48
2018-03-29;2.14;2.48;2.48
2018-03-30;2.14;2.48;2.48
2018-04-02;2.14;2.48;2.48
2018-04-03;2.04;2.48;2.48
2018-04-04;2.04;2.48;2.48
2018-04-05;2.04;2.48;2.48
2018-04-06;2.07;2.48;2.48
2018-04-09;1.98;2.48;2.48
2018-04-10;1.94;2.48;2.48
2018-04-11;1.91;2.48;2.48
2018-04-12;1.96;2.48;2.48
2018-04-13;2.02;2.48;2.48
2018-04-16;2.03;2.48;2.48
2018-04-17;2.05;2.48;2.48
2018-04-18;2.12;2.48;2.48
2018-04-19;2.08;2.48;2.48
2018-04-20;2.04;2.48;2.48
2018-04-23;1.97;2.48;2.48
2018-04-24;2;2.48;2.48
2018-04-25;1.98;2.48;2.48
2018-04-26;1.97;2.48;2.48
2018-04-27;1.97;2.48;2.48
2018-04-30;1.96;2.48;2.48
2018-05-01;1.96;2.48;2.48
2018-05-02;1.95;2.48;2.48
2018-05-03;2.04;2.48;2.48
2018-05-04;2;2.48;2.48
2018-05-07;1.97;2.48;2.48
2018-05-08;1.95;2.48;2.48
2018-05-09;1.94;2.48;2.48
2018-05-10;1.94;2.48;2.48
2018-05-11;1.92;2.48;2.48
2018-05-14;1.93;2.48;2.48
2018-05-15;1.93;2.48;2.48
2018-05-16;1.97;2.68;2.68
2018-05-17;1.95;2.68;2.68
2018-05-18;1.95;2.68;2.68
2018-05-21;1.95;2.68;2.68
2018-05-22;1.95;2.68;2.68
2018-05-23;2;2.68;2.68
2018-05-24;2.02;2.68;2.68
2018-05-25;2;2.68;2.68
2018-05-28;2;2.68;2.68
2018-05-29;2;2.68;2.68
2018-05-30;1.99;2.68;2.68
2018-05-31;2.01;2.68;2.68
2018-06-01;2.02;2.68;2.68
2018-06-04;1.98;2.68;2.68
2018-06-05;2;2.68;2.68
2018-06-06;2;2.68;2.68
2018-06-07;2;2.68;2.68
2018-06-08;1.98;2.68;2.68
2018-06-11;2.04;2.68;2.68
2018-06-12;2.08;2.68;2.68
2018-06-13;2.09;2.68;2.68
2018-06-14;2.09;2.68;2.68
2018-06-15;2.07;2.68;2.68
2018-06-18;2.04;2.68;2.68
2018-06-19;2.03;2.68;2.68
2018-06-20;2.1;2.68;2.68
2018-06-21;2.05;2.68;2.68
2018-06-22;2.05;2.68;2.68
2018-06-25;2.03;2.68;2.68
2018-06-26;1.98;2.68;2.68
2018-06-27;2.02;2.68;2.68
2018-06-28;2.05;2.68;2.68
2018-06-29;2.01;2.68;2.68
2018-07-02;2;2.68;2.68
2018-07-03;2.01;2.68;2.68
2018-07-04;2.01;2.68;2.68
2018-07-05;2.02;2.68;2.68
2018-07-06;2;2.68;2.68
2018-07-09;2.02;2.68;2.68
2018-07-10;2;2.68;2.68
2018-07-11;2;2.68;2.68
2018-07-12;2.01;2.68;2.68
2018-07-13;2.01;2.68;2.68
2018-07-16;2;2.68;2.68
2018-07-17;1.99;2.68;2.68
2018-07-18;2;2.68;2.68
2018-07-19;2;2.68;2.68
2018-07-20;2;2.68;2.68
2018-07-23;1.98;2.68;2.68
2018-07-24;1.98;2.68;2.68
2018-07-25;1.99;2.68;2.68
2018-07-26;1.96;2.68;2.68
2018-07-27;1.98;2.68;2.68
2018-07-30;1.95;2.68;2.68
2018-07-31;1.96;2.68;2.68
2018-08-01;1.94;2.68;2.68
2018-08-02;1.93;2.68;2.68
2018-08-03;1.95;2.68;2.68
2018-08-06;1.95;2.68;2.68
2018-08-07;1.94;2.68;2.68
2018-08-08;1.96;2.68;2.68
2018-08-09;1.95;2.68;2.68
2018-08-10;1.93;2.68;2.68
2018-08-13;1.93;2.68;2.68
2018-08-14;1.91;2.68;2.68
2018-08-15;1.78;2.68;2.68
2018-08-16;1.76;2.68;2.68
2018-08-17;1.81;2.68;2.68
2018-08-20;1.82;2.68;2.68
2018-08-21;1.84;2.68;2.68
2018-08-22;1.9;2.98;2.98
2018-08-23;1.9;2.98;2.98
2018-08-24;1.97;2.98;2.98
2018-08-27;1.99;2.98;2.98
2018-08-28;1.97;2.98;2.98
2018-08-29;1.98;2.98;2.98
2018-08-30;1.99;2.98;2.98
2018-08-31;1.99;2.98;2.98
2018-09-03;1.93;2.98;2.98
2018-09-04;1.94;2.98;2.98
2018-09-05;1.95;2.98;2.98
2018-09-06;1.95;2.98;2.98
2018-09-07;1.95;2.98;2.98
2018-09-10;1.98;2.98;2.98
2018-09-11;1.94;2.98;2.98
2018-09-12;1.94;2.98;2.98
2018-09-13;1.93;2.98;2.98
2018-09-14;1.92;2.98;2.98
2018-09-17;1.93;2.98;2.98
2018-09-18;1.92;2.98;2.98
2018-09-19;1.94;2.98;2.98
2018-09-20;1.93;2.98;2.98
2018-09-21;1.98;2.98;2.98
2018-09-24;2;2.98;2.98
2018-09-25;2.01;2.98;2.98
2018-09-26;2.03;2.98;2.98
2018-09-27;2.04;2.98;2.98
2018-09-28;2.05;2.98;2.98
2018-10-01;2.02;2.98;2.98
2018-10-02;2.08;2.98;2.98
2018-10-03;2.04;2.98;2.98
2018-10-04;2.02;2.98;2.98
2018-10-05;2.02;2.98;2.98
2018-10-08;2.01;2.98;2.98
2018-10-09;2;2.98;2.98
2018-10-10;1.97;2.98;2.98
2018-10-11;1.95;2.98;2.98
2018-10-12;1.94;2.98;2.98
2018-10-15;1.93;2.98;2.98
2018-10-16;1.95;2.98;2.98
2018-10-17;1.89;2.98;2.98
2018-10-18;1.88;2.98;2.98
2018-10-19;1.91;2.98;2.98
2018-10-22;1.9;2.98;2.98
2018-10-23;1.9;2.98;2.98
2018-10-24;1.89;2.98;2.98
2018-10-25;1.9;2.98;2.98
2018-10-26;1.87;2.98;2.98
2018-10-29;1.9;2.98;2.98
2018-10-30;1.88;2.98;2.98
2018-10-31;1.9;2.98;2.98
2018-11-01;1.85;2.98;2.98
2018-11-02;1.86;2.98;2.98
2018-11-05;1.9;2.98;2.98
2018-11-06;1.9;2.98;2.98
2018-11-07;1.9;2.98;2.98
2018-11-08;1.9;2.98;2.98
2018-11-09;1.9;2.79;2.79
2018-11-12;1.87;2.79;2.79
2018-11-13;1.86;2.79;2.79
2018-11-14;1.9;2.79;2.79
2018-11-15;1.89;2.79;2.79
2018-11-16;1.94;2.79;2.79
2018-11-19;1.91;2.79;2.79
2018-11-20;1.82;2.79;2.79
2018-11-21;1.78;2.79;2.79
2018-11-22;1.77;2.79;2.79
2018-11-23;1.75;2.79;2.79
2018-11-26;1.79;2.79;2.79
2018-11-27;1.82;2.79;2.79
2018-11-28;1.84;2.79;2.79
2018-11-29;1.86;2.79;2.79
2018-11-30;1.86;2.79;2.79
2018-12-03;1.83;2.79;2.79
2018-12-04;1.81;2.79;2.79
2018-12-05;1.8;2.79;2.79
2018-12-06;1.74;2.79;2.79
2018-12-07;1.73;2.79;2.79
2018-12-10;1.68;2.79;2.79
2018-12-11;1.73;2.79;2.79
2018-12-12;1.76;2.79;2.79
2018-12-13;1.79;2.79;2.79
2018-12-14;1.75;2.79;2.79
2018-12-17;1.75;2.79;2.79
2018-12-18;1.76;2.79;2.79
2018-12-19;1.76;2.79;2.79
2018-12-20;1.75;2.79;2.79
2018-12-21;1.75;2.79;2.79
2018-12-24;1.75;2.79;2.79
2018-12-25;1.75;2.79;2.79
2018-12-26;1.75;2.79;2.79
2018-12-27;1.75;2.79;2.79
2018-12-28;1.75;2.79;2.79
2018-12-31;1.75;2.79;2.79
2019-01-01;1.75;2.79;2.79
2019-01-02;1.77;2.79;2.79
2019-01-03;1.78;2.79;2.79
2019-01-04;1.8;2.79;2.79
2019-01-07;1.76;2.79;2.79
2019-01-08;1.8;2.79;2.79
2019-01-09;1.83;2.79;2.79
2019-01-10;1.81;2.79;2.79
2019-01-11;1.85;2.79;2.79
2019-01-14;1.85;2.79;2.79
2019-01-15;1.85;2.79;2.79
2019-01-16;1.85;2.79;2.79
2019-01-17;1.87;2.79;2.79
2019-01-18;1.91;2.79;2.79
2019-01-21;1.9;2.79;2.79
2019-01-22;1.9;2.79;2.79
2019-01-23;1.91;2.79;2.79
2019-01-24;1.89;2.79;2.79
2019-01-25;1.95;2.79;2.79
2019-01-28;1.9;2.79;2.79
2019-01-29;1.89;2.79;2.79
2019-01-30;1.93;2.79;2.79
2019-01-31;1.95;2.79;2.79
2019-02-01;1.95;2.79;2.79
2019-02-04;1.95;2.79;2.79
2019-02-05;1.95;2.79;2.79
2019-02-06;1.99;2.79;2.79
2019-02-07;1.95;2.79;2.79
2019-02-08;1.95;2.79;2.79
2019-02-11;1.95;2.79;2.79
2019-02-12;1.95;2.79;2.79
2019-02-13;1.93;2.79;2.79
2019-02-14;1.97;2.79;2.79
2019-02-15;1.98;2.79;2.79
2019-02-18;2;2.79;2.79
2019-02-19;2.01;2.79;2.79
2019-02-20;1.97;2.78;2.78
2019-02-21;1.97;2.78;2.78
2019-02-22;1.93;2.78;2.78
2019-02-25;1.94;2.78;2.78
2019-02-26;1.96;2.78;2.78
2019-02-27;1.94;2.78;2.78
2019-02-28;1.95;2.78;2.78
2019-03-01;1.94;2.78;2.78
2019-03-04;1.94;2.78;2.78
2019-03-05;1.95;2.78;2.78
2019-03-06;1.99;2.78;2.78
2019-03-07;1.99;2.78;2.78
2019-03-08;2.02;2.78;2.78
2019-03-11;2.01;2.78;2.78
2019-03-12;2;2.78;2.78
2019-03-13;2.05;2.78;2.78
2019-03-14;2.13;2.78;2.78
2019-03-15;2.12;2.78;2.78
2019-03-18;2.17;2.78;2.78
2019-03-19;2.15;2.78;2.78
2019-03-20;2.17;2.78;2.78
2019-03-21;2.15;2.78;2.78
2019-03-22;2.18;2.78;2.78
2019-03-25;2.19;2.78;2.78
2019-03-26;2.25;2.78;2.78
2019-03-27;2.23;2.78;2.78
2019-03-28;2.25;2.78;2.78
2019-03-29;2.28;2.78;2.78
2019-04-01;2.33;2.78;2.78
2019-04-02;2.3;2.78;2.78
2019-04-03;2.31;2.78;2.78
2019-04-04;2.26;2.78;2.78
2019-04-05;2.27;2.78;2.78
2019-04-08;2.27;2.78;2.78
2019-04-09;2.3;2.78;2.78
2019-04-10;2.3;2.78;2.78
2019-04-11;2.29;2.78;2.78
2019-04-12;2.3;2.78;2.78
2019-04-15;2.42;2.78;2.78
2019-04-16;2.38;2.78;2.78
2019-04-17;2.27;2.78;2.78
2019-04-18;2.28;2.78;2.78
2019-04-19;2.28;2.78;2.78
2019-04-22;2.28;2.78;2.78
2019-04-23;2.34;2.78;2.78
2019-04-24;2.32;2.78;2.78
2019-04-25;2.41;2.78;2.78
2019-04-26;2.34;2.78;2.78
2019-04-29;2.37;2.78;2.78
2019-04-30;2.4;2.78;2.78
2019-05-01;2.4;2.78;2.78
2019-05-02;2.38;2.78;2.78
2019-05-03;2.33;2.78;2.78
2019-05-06;2.29;2.78;2.78
2019-05-07;2.25;2.78;2.78
2019-05-08;2.3;2.78;2.78
2019-05-09;2.25;2.78;2.78
2019-05-10;2.3;2.78;2.78
2019-05-13;2.3;2.78;2.78
2019-05-14;2.29;2.78;2.78
2019-05-15;2.27;2.78;2.78
2019-05-16;2.3;2.78;2.78
2019-05-17;2.27;2.78;2.78
2019-05-20;2.22;2.9;2.9
2019-05-21;2.25;2.9;2.9
2019-05-22;2.28;2.9;2.9
2019-05-23;2.21;2.9;2.9
2019-05-24;2.25;2.9;2.9
2019-05-27;2.25;2.9;2.9
2019-05-28;2.27;2.9;2.9
2019-05-29;2.26;2.9;2.9
2019-05-30;2.26;2.9;2.9
2019-05-31;2.24;2.9;2.9
2019-06-03;2.28;2.9;2.9
2019-06-04;2.32;2.9;2.9
2019-06-05;2.3;2.9;2.9
2019-06-06;2.3;2.9;2.9
2019-06-07;2.32;2.9;2.9
2019-06-10;2.35;2.9;2.9
2019-06-11;2.4;2.9;2.9
2019-06-12;2.35;2.9;2.9
2019-06-13;2.42;2.9;2.9
2019-06-14;2.4;2.9;2.9
2019-06-17;2.4;2.9;2.9
2019-06-18;2.4;2.9;2.9
2019-06-19;2.4;2.9;2.9
2019-06-20;2.41;2.9;2.9
2019-06-21;2.41;2.9;2.9
2019-06-24;2.46;2.9;2.9
2019-06-25;2.5;2.9;2.9
2019-06-26;2.48;2.9;2.9
2019-06-27;2.5;2.9;2.9
2019-06-28;2.5;2.9;2.9
2019-07-01;2.45;2.9;2.9
2019-07-02;2.42;2.9;2.9
2019-07-03;2.44;2.9;2.9
2019-07-04;2.45;2.9;2.9
2019-07-05;2.45;2.9;2.9
2019-07-08;2.43;2.9;2.9
2019-07-09;2.45;2.9;2.9
2019-07-10;2.44;2.9;2.9
2019-07-11;2.42;2.9;2.9
2019-07-12;2.48;2.9;2.9
2019-07-15;2.46;2.9;2.9
2019-07-16;2.45;2.9;2.9
2019-07-17;2.46;2.9;2.9
2019-07-18;2.45;2.9;2.9
2019-07-19;2.49;2.9;2.9
2019-07-22;2.5;2.9;2.9
2019-07-23;2.56;2.9;2.9
2019-07-24;2.56;2.9;2.9
2019-07-25;2.56;2.9;2.9
2019-07-26;2.59;2.9;2.9
2019-07-29;2.57;2.9;2.9
2019-07-30;2.62;2.9;2.9
2019-07-31;2.64;2.9;2.9
2019-08-01;2.69;2.9;2.9
2019-08-02;2.69;2.9;2.9
2019-08-05;2.62;2.9;2.9
2019-08-06;2.6;2.9;2.9
2019-08-07;2.6;2.9;2.9
2019-08-08;2.63;2.9;2.9
2019-08-09;2.6;2.9;2.9
2019-08-12;2.61;2.9;2.9
2019-08-13;2.6;2.9;2.9
2019-08-14;2.52;3.41;3.41
2019-08-15;2.48;3.41;3.41
2019-08-16;2.53;3.41;3.41
2019-08-19;2.65;3.41;3.41
2019-08-20;2.64;3.41;3.41
2019-08-21;2.62;3.41;3.41
2019-08-22;2.7;3.41;3.41
2019-08-23;2.69;3.41;3.41
2019-08-26;2.66;3.41;3.41
2019-08-27;2.62;3.41;3.41
2019-08-28;2.63;3.41;3.41
2019-08-29;2.59;3.41;3.41
2019-08-30;2.6;3.41;3.41
2019-09-02;2.6;3.41;3.41
2019-09-03;2.6;3.41;3.41
2019-09-04;2.64;3.41;3.41
2019-09-05;2.63;3.41;3.41
2019-09-06;2.63;3.41;3.41
2019-09-09;2.61;3.41;3.41
2019-09-10;2.62;3.41;3.41
2019-09-11;2.62;3.41;3.41
2019-09-12;2.65;3.41;3.41
2019-09-13;2.63;3.41;3.41
2019-09-16;2.66;3.41;3.41
2019-09-17;2.64;3.41;3.41
2019-09-18;2.64;3.41;3.41
2019-09-19;2.64;3.41;3.41
2019-09-20;2.64;3.41;3.41
2019-09-23;2.65;3.41;3.41
2019-09-24;2.66;3.41;3.41
2019-09-25;2.66;3.41;3.41
2019-09-26;2.69;3.41;3.41
2019-09-27;2.72;3.41;3.41
2019-09-30;2.76;3.41;3.41
2019-10-01;2.75;3.41;3.41
2019-10-02;2.7;3.41;3.41
2019-10-03;2.67;3.41;3.41
2019-10-04;2.69;3.41;3.41
2019-10-07;2.67;3.41;3.41
2019-10-08;2.69;3.41;3.41
2019-10-09;2.7;3.41;3.41
2019-10-10;2.7;3.41;3.41
2019-10-11;2.7;3.41;3.41
2019-10-14;2.7;3.41;3.41
2019-10-15;2.7;3.41;3.41
2019-10-16;2.7;3.41;3.41
2019-10-17;2.7;3.41;3.41
2019-10-18;2.69;3.41;3.41
2019-10-21;2.67;3.41;3.41
2019-10-22;2.7;3.41;3.41
2019-10-23;2.68;3.41;3.41
2019-10-24;2.7;3.41;3.41
2019-10-25;2.68;3.41;3.41
2019-10-28;2.68;3.41;3.41
2019-10-29;2.7;3.41;3.41
2019-10-30;2.7;3.41;3.41
2019-10-31;2.74;3.41;3.41
2019-11-01;2.71;3.41;3.41
2019-11-04;2.75;3.41;3.41
2019-11-05;2.72;3.41;3.41
2019-11-06;2.75;3.41;3.41
2019-11-07;2.76;3.41;3.41
2019-11-08;2.86;3.41;3.41
2019-11-11;2.85;3.41;3.41
2019-11-12;2.85;3.41;3.41
2019-11-13;2.91;3.78;3.78
2019-11-14;2.9;3.78;3.78
2019-11-15;2.88;3.78;3.78
2019-11-18;2.9;3.78;3.78
2019-11-19;2.9;3.78;3.78
2019-11-20;2.91;3.78;3.78
2019-11-21;2.87;3.78;3.78
2019-11-22;2.9;3.78;3.78
2019-11-25;2.93;3.78;3.78
2019-11-26;2.99;3.78;3.78
2019-11-27;3.05;3.78;3.78
2019-11-28;2.99;3.78;3.78
2019-11-29;3.03;3.78;3.78
2019-12-02;3.21;3.78;3.78
2019-12-03;3.2;3.78;3.78
2019-12-04;3.29;3.78;3.78
2019-12-05;3.23;3.78;3.78
2019-12-06;3.2;3.78;3.78
2019-12-09;3.11;3.78;3.78
2019-12-10;3.05;3.78;3.78
2019-12-11;3.05;3.78;3.78
2019-12-12;3.03;3.78;3.78
2019-12-13;2.91;3.78;3.78
2019-12-16;2.94;3.78;3.78
2019-12-17;2.95;3.78;3.78
2019-12-18;2.91;3.78;3.78
2019-12-19;2.9;3.78;3.78
2019-12-20;2.92;3.78;3.78
2019-12-23;2.94;3.78;3.78
2019-12-24;2.94;3.78;3.78
2019-12-25;2.94;3.78;3.78
2019-12-26;2.94;3.78;3.78
2019-12-27;2.95;3.78;3.78
2019-12-30;2.94;3.78;3.78
2019-12-31;2.94;3.78;3.78
2020-01-01;2.94;3.78;3.78
2020-01-02;3.2;3.78;3.78
2020-01-03;3.15;3.78;3.78
2020-01-06;3.15;3.78;3.78
2020-01-07;3.22;3.78;3.78
2020-01-08;3.23;3.78;3.78
2020-01-09;3.24;3.78;3.78
2020-01-10;3.2;3.78;3.78
2020-01-13;3.28;3.78;3.78
2020-01-14;3.34;3.78;3.78
2020-01-15;3.36;3.78;3.78
2020-01-16;3.38;3.78;3.78
2020-01-17;3.41;3.78;3.78
2020-01-20;3.4;3.78;3.78
2020-01-21;3.41;3.78;3.78
2020-01-22;3.38;3.78;3.78
2020-01-23;3.41;3.78;3.78
2020-01-24;3.39;3.78;3.78
2020-01-27;3.2;3.78;3.78
2020-01-28;3.24;3.78;3.78
2020-01-29;3.25;3.78;3.78
2020-01-30;3.18;3.78;3.78
2020-01-31;3.24;3.78;3.78
2020-02-03;3.22;3.78;3.78
2020-02-04;3.2;3.78;3.78
2020-02-05;3.22;3.78;3.78
2020-02-06;3.29;3.78;3.78
2020-02-07;3.28;3.78;3.78
2020-02-10;3.27;3.78;3.78
2020-02-11;3.25;3.78;3.78
2020-02-12;3.13;3.55;3.55
2020-02-13;3.27;3.55;3.55
2020-02-14;3.25;3.55;3.55
2020-02-17;3.28;3.55;3.55
2020-02-18;3.25;3.55;3.55
2020-02-19;3.24;3.55;3.55
2020-02-20;3.25;3.55;3.55
2020-02-21;3.38;3.55;3.55
2020-02-24;3.15;3.55;3.55
2020-02-25;3.18;3.55;3.55
2020-02-26;3.14;3.55;3.55
2020-02-27;3.03;3.55;3.55
2020-02-28;2.88;3.55;3.55
2020-03-02;3.05;3.55;3.55
2020-03-03;3.09;3.55;3.55
2020-03-04;3.03;3.55;3.55
2020-03-05;2.95;3.55;3.55
2020-03-06;2.86;3.55;3.55
2020-03-09;2.75;3.55;3.55
2020-03-10;2.67;3.55;3.55
2020-03-11;2.54;3.55;3.55
2020-03-12;2.18;3.55;3.55
2020-03-13;2.17;3.55;3.55
2020-03-16;1.85;3.55;3.55
2020-03-17;1.99;3.55;3.55
2020-03-18;1.75;3.55;3.55
2020-03-19;1.82;3.55;3.55
2020-03-20;1.9;3.55;3.55
2020-03-23;1.74;3.55;3.55
2020-03-24;1.89;3.55;3.55
2020-03-25;2.08;3.55;3.55
2020-03-26;2.03;3.55;3.55
2020-03-27;1.95;3.55;3.55
2020-03-30;1.92;3.55;3.55
2020-03-31;1.99;3.55;3.55
2020-04-01;1.94;3.55;3.55
2020-04-02;1.98;3.55;3.55
2020-04-03;2.01;3.55;3.55
2020-04-06;2.06;3.55;3.55
2020-04-07;2.26;3.55;3.55
2020-04-08;2.37;3.55;3.55
2020-04-09;2.4;3.55;3.55
2020-04-10;2.4;3.55;3.55
2020-04-13;2.4;3.55;3.55
2020-04-14;2.43;3.55;3.55
2020-04-15;2.37;3.55;3.55
2020-04-16;2.19;3.55;3.55
2020-04-17;2.34;3.55;3.55
2020-04-20;2.4;3.55;3.55
2020-04-21;2.38;3.55;3.55
2020-04-22;2.37;3.55;3.55
2020-04-23;2.41;3.55;3.55
2020-04-24;2.4;3.55;3.55
2020-04-27;2.43;3.55;3.55
2020-04-28;2.44;3.55;3.55
2020-04-29;2.47;2.88;2.88
2020-04-30;2.36;2.88;2.88
2020-05-01;2.36;2.88;2.88
2020-05-04;2.28;2.88;2.88
2020-05-05;2.22;2.88;2.88
2020-05-06;2.14;2.88;2.88
2020-05-07;2.17;2.88;2.88
2020-05-08;2.39;2.88;2.88
2020-05-11;2.21;2.88;2.88
2020-05-12;2.15;2.88;2.88
2020-05-13;2.07;2.88;2.88
2020-05-14;2.1;2.88;2.88
2020-05-15;2.12;2.88;2.88
2020-05-18;2.08;2.88;2.88
2020-05-19;2.15;2.88;2.88
2020-05-20;2.19;2.88;2.88
2020-05-21;2.19;2.88;2.88
2020-05-22;2.18;2.88;2.88
2020-05-25;2.17;2.88;2.88
2020-05-26;2.34;2.88;2.88
2020-05-27;2.3;2.88;2.88
2020-05-28;2.38;2.88;2.88
2020-05-29;2.35;2.88;2.88
2020-06-01;2.39;2.88;2.88
2020-06-02;2.47;2.88;2.88
2020-06-03;2.45;2.88;2.88
2020-06-04;2.35;2.88;2.88
2020-06-05;2.37;2.88;2.88
2020-06-08;2.36;2.88;2.88
2020-06-09;2.29;2.88;2.88
2020-06-10;2.25;2.88;2.88
2020-06-11;2.17;2.88;2.88
2020-06-12;2.17;2.88;2.88
2020-06-15;2.19;2.88;2.88
2020-06-16;2.29;2.88;2.88
2020-06-17;2.23;2.88;2.88
2020-06-18;2.24;2.88;2.88
2020-06-19;2.24;2.88;2.88
2020-06-22;2.22;2.88;2.88
2020-06-23;2.22;2.88;2.88
2020-06-24;2.22;2.88;2.88
2020-06-25;2.19;2.88;2.88
2020-06-26;2.19;2.88;2.88
2020-06-29;2.11;2.88;2.88
2020-06-30;2.14;2.88;2.88
2020-07-01;2.11;2.88;2.88
2020-07-02;2.15;2.88;2.88
2020-07-03;2.18;2.88;2.88
2020-07-06;2.28;2.88;2.88
2020-07-07;2.37;2.88;2.88
2020-07-08;2.6;2.88;2.88
2020-07-09;2.84;2.88;2.88
2020-07-10;2.94;2.88;2.88
2020-07-13;2.99;2.88;2.88
2020-07-14;2.89;2.88;2.88
2020-07-15;2.93;2.88;2.88
2020-07-16;2.94;2.88;2.88
2020-07-17;2.9;2.88;2.88
2020-07-20;2.8;2.88;2.88
2020-07-21;2.79;2.88;2.88
2020-07-22;2.84;2.88;2.88
2020-07-23;2.83;2.88;2.88
2020-07-24;2.7;2.88;2.88
2020-07-27;2.75;2.88;2.88
2020-07-28;2.66;2.88;2.88
2020-07-29;2.94;2.88;2.88
2020-07-30;2.8;3.15;3.15
2020-07-31;2.75;3.15;3.15
2020-08-03;2.74;3.15;3.15
2020-08-04;2.78;3.15;3.15
2020-08-05;2.76;3.15;3.15
2020-08-06;2.73;3.15;3.15
2020-08-07;2.79;3.15;3.15
2020-08-10;2.79;3.15;3.15
2020-08-11;2.77;3.15;3.15
2020-08-12;2.78;3.15;3.15
2020-08-13;2.78;3.15;3.15
2020-08-14;2.75;3.15;3.15
2020-08-17;2.79;3.15;3.15
2020-08-18;2.75;3.15;3.15
2020-08-19;2.79;3.15;3.15
2020-08-20;2.79;3.15;3.15
2020-08-21;2.79;3.15;3.15
2020-08-24;2.74;3.15;3.15
2020-08-25;2.71;3.15;3.15
2020-08-26;2.68;3.15;3.15
2020-08-27;2.72;3.15;3.15
2020-08-28;2.78;3.15;3.15
2020-08-31;2.71;3.15;3.15
2020-09-01;2.75;3.15;3.15
2020-09-02;2.74;3.15;3.15
2020-09-03;2.72;3.15;3.15
2020-09-04;2.78;3.15;3.15
2020-09-07;2.78;3.15;3.15
2020-09-08;2.73;3.15;3.15
2020-09-09;2.69;3.15;3.15
2020-09-10;2.73;3.15;3.15
2020-09-11;2.77;3.15;3.15
2020-09-14;2.76;3.15;3.15
2020-09-15;2.71;3.15;3.15
2020-09-16;2.67;3.15;3.15
2020-09-17;2.65;3.15;3.15
2020-09-18;2.69;3.15;3.15
2020-09-21;2.65;3.15;3.15
2020-09-22;2.59;3.15;3.15
2020-09-23;2.54;3.15;3.15
2020-09-24;2.54;3.15;3.15
2020-09-25;2.45;3.15;3.15
2020-09-28;2.51;3.15;3.15
2020-09-29;2.57;3.15;3.15
2020-09-30;2.57;3.15;3.15
2020-10-01;2.79;3.15;3.15
2020-10-02;2.87;3.15;3.15
2020-10-05;2.88;3.15;3.15
2020-10-06;2.94;3.15;3.15
2020-10-07;2.92;3.15;3.15
2020-10-08;2.83;3.15;3.15
2020-10-09;2.87;3.15;3.15
2020-10-12;2.95;3.15;3.15
2020-10-13;2.97;3.15;3.15
2020-10-14;2.97;3.15;3.15
2020-10-15;2.91;3.15;3.15
2020-10-16;2.81;3.15;3.15
2020-10-19;2.8;3.15;3.15
2020-10-20;2.75;3.15;3.15
2020-10-21;2.75;3.15;3.15
2020-10-22;2.72;3.15;3.15
2020-10-23;2.75;3.15;3.15
2020-10-26;2.58;3.15;3.15
2020-10-27;2.66;3.15;3.15
2020-10-28;2.57;3.15;3.15
2020-10-29;2.49;3.15;3.15
2020-10-30;2.71;3.15;3.15
2020-11-02;2.76;3.15;3.15
2020-11-03;2.78;3.15;3.15
2020-11-04;2.99;3.63;3.63
2020-11-05;3.14;3.63;3.63
2020-11-06;3.34;3.63;3.63
2020-11-09;3.27;3.63;3.63
2020-11-10;3.29;3.63;3.63
2020-11-11;3.35;3.63;3.63
2020-11-12;3.3;3.63;3.63
2020-11-13;3.33;3.63;3.63
2020-11-16;3.49;3.63;3.63
2020-11-17;3.54;3.63;3.63
2020-11-18;3.45;3.63;3.63
2020-11-19;3.19;3.63;3.63
2020-11-20;3.18;3.63;3.63
2020-11-23;3.22;3.63;3.63
2020-11-24;3.4;3.63;3.63
2020-11-25;3.38;3.63;3.63
2020-11-26;3.6;3.63;3.63
2020-11-27;3.86;3.63;3.63
2020-11-30;3.8;3.63;3.63
2020-12-01;3.8;3.63;3.63
2020-12-02;3.75;3.63;3.63
2020-12-03;3.71;3.63;3.63
2020-12-04;3.79;3.63;3.63
2020-12-07;3.88;3.63;3.63
2020-12-08;3.8;3.63;3.63
2020-12-09;3.8;3.63;3.63
2020-12-10;3.7;3.63;3.63
2020-12-11;3.84;3.63;3.63
2020-12-14;3.84;3.63;3.63
2020-12-15;3.85;3.63;3.63
2020-12-16;3.8;3.63;3.63
2020-12-17;3.67;3.63;3.63
2020-12-18;3.75;3.63;3.63
2020-12-21;3.74;3.63;3.63
2020-12-22;3.85;3.63;3.63
2020-12-23;3.93;3.63;3.63
2020-12-24;3.93;3.63;3.63
2020-12-25;3.93;3.63;3.63
2020-12-28;4.1;3.63;3.63
2020-12-29;4.07;3.63;3.63
2020-12-30;4.04;3.63;3.63
2020-12-31;4.04;3.63;3.63
2021-01-01;4.04;3.63;3.63
2021-01-04;4.1;3.63;3.63
2021-01-05;4.14;3.63;3.63
2021-01-06;4.14;3.63;3.63
2021-01-07;4.19;3.63;3.63
2021-01-08;4.23;3.63;3.63
2021-01-11;4.13;3.63;3.63
2021-01-12;4.2;3.63;3.63
2021-01-13;4.09;3.63;3.63
2021-01-14;4.18;3.63;3.63
2021-01-15;4.13;3.63;3.63
2021-01-18;4.05;3.63;3.63
2021-01-19;4.11;3.63;3.63
2021-01-20;4.08;3.63;3.63
2021-01-21;4.05;3.63;3.63
2021-01-22;3.96;3.63;3.63
2021-01-25;3.81;3.63;3.63
2021-01-26;3.8;3.63;3.63
2021-01-27;3.71;3.63;3.63
2021-01-28;3.62;3.63;3.63
2021-01-29;3.67;3.63;3.63
2021-02-01;3.6;3.63;3.63
2021-02-02;3.74;3.63;3.63
2021-02-03;3.9;3.83;3.83
2021-02-04;3.98;3.83;3.83
2021-02-05;4;3.83;3.83
2021-02-08;4.05;3.83;3.83
2021-02-09;4.03;3.83;3.83
2021-02-10;3.94;3.83;3.83
2021-02-11;3.94;3.83;3.83
2021-02-12;3.96;3.83;3.83
2021-02-15;3.95;3.83;3.83
2021-02-16;3.91;3.83;3.83
2021-02-17;4.06;3.83;3.83
2021-02-18;3.94;3.83;3.83
2021-02-19;3.97;3.83;3.83
2021-02-22;3.91;3.83;3.83
2021-02-23;3.91;3.83;3.83
2021-02-24;3.9;3.83;3.83
2021-02-25;3.87;3.83;3.83
2021-02-26;3.85;3.83;3.83
2021-03-01;3.93;3.83;3.83
2021-03-02;3.86;3.83;3.83
2021-03-03;3.88;3.83;3.83
2021-03-04;3.83;3.83;3.83
2021-03-05;3.8;3.83;3.83
2021-03-08;3.77;3.83;3.83
2021-03-09;3.85;3.83;3.83
2021-03-10;3.85;3.83;3.83
2021-03-11;3.86;3.83;3.83
2021-03-12;3.86;3.83;3.83
2021-03-15;3.85;3.83;3.83
2021-03-16;3.82;3.83;3.83
2021-03-17;3.77;3.83;3.83
2021-03-18;3.82;3.83;3.83
2021-03-19;3.73;3.83;3.83
2021-03-22;3.78;3.83;3.83
2021-03-23;3.78;3.83;3.83
2021-03-24;3.8;3.83;3.83
2021-03-25;3.7;3.83;3.83
2021-03-26;3.75;3.83;3.83
2021-03-29;3.76;3.83;3.83
2021-03-30;3.76;3.83;3.83
2021-03-31;3.75;3.83;3.83
2021-04-01;3.8;3.83;3.83
2021-04-02;3.8;3.83;3.83
2021-04-05;3.8;3.83;3.83
2021-04-06;3.92;3.83;3.83
2021-04-07;3.84;3.83;3.83
2021-04-08;3.76;3.83;3.83
2021-04-09;3.79;3.83;3.83
2021-04-12;3.9;3.83;3.83
2021-04-13;4.01;3.83;3.83
2021-04-14;4.03;3.83;3.83
2021-04-15;3.96;3.83;3.83
2021-04-16;4.1;3.83;3.83
2021-04-19;3.93;3.83;3.83
2021-04-20;3.85;3.83;3.83
2021-04-21;3.79;3.83;3.83
2021-04-22;3.76;3.83;3.83
2021-04-23;3.83;3.83;3.83
2021-04-26;3.78;3.83;3.83
2021-04-27;3.79;3.83;3.83
2021-04-28;3.93;4.24;4.24
2021-04-29;4;4.24;4.24
2021-04-30;3.95;4.24;4.24
2021-05-03;4;4.24;4.24
2021-05-04;3.94;4.24;4.24
2021-05-05;3.93;4.24;4.24
2021-05-06;3.84;4.24;4.24
2021-05-07;3.97;4.24;4.24
2021-05-10;4;4.24;4.24
2021-05-11;3.87;4.24;4.24
2021-05-12;3.85;4.24;4.24
2021-05-13;3.85;4.24;4.24
2021-05-14;3.82;4.24;4.24
2021-05-17;3.69;4.24;4.24
2021-05-18;3.69;4.24;4.24
2021-05-19;3.62;4.24;4.24
2021-05-20;3.79;4.24;4.24
2021-05-21;3.78;4.24;4.24
2021-05-24;3.75;4.24;4.24
2021-05-25;3.83;4.24;4.24
2021-05-26;3.79;4.24;4.24
2021-05-27;3.75;4.24;4.24
2021-05-28;3.75;4.24;4.24
2021-05-31;3.71;4.24;4.24
2021-06-01;3.75;4.24;4.24
2021-06-02;3.72;4.24;4.22
2021-06-03;3.69;4.24;4.22
2021-06-04;3.69;4.24;4.22
2021-06-07;3.63;4.24;4.22
2021-06-08;3.64;4.24;4.22
2021-06-09;3.65;4.24;4.22
2021-06-10;3.71;4.24;4.22
2021-06-11;3.71;4.24;4.22
2021-06-14;3.83;4.24;4.22
2021-06-15;3.8;4.24;4.22
2021-06-16;3.81;4.24;4.22
2021-06-17;3.75;4.24;4.22
2021-06-18;3.66;4.24;4.22
2021-06-21;3.64;4.24;4.22
2021-06-22;3.56;4.24;4.22
2021-06-23;3.54;4.24;4.22
2021-06-24;3.62;4.24;4.22
2021-06-25;3.62;4.24;4.22
2021-06-28;3.71;4.24;4.22
2021-06-29;3.75;4.24;4.22
2021-06-30;3.76;4.24;4.22
2021-07-01;3.78;4.24;4.22
2021-07-02;3.85;4.24;4.22
2021-07-02;3.85;4.24;4.22
2021-07-05;3.74;4.24;4.24
2021-07-06;3.9;4.24;4.24
2021-07-07;4.14;4.24;4.24
2021-07-08;4.25;4.24;4.24
2021-07-09;4.35;4.24;4.24
2021-07-12;4.2;4.24;4.24
2021-07-13;3.92;4.24;4.24
2021-07-14;4.26;4.24;4.24
2021-07-15;4.29;4.24;4.24
2021-07-16;4.16;4.24;4.24
2021-07-19;4.2;4.24;4.24
2021-07-20;4.2;4.24;4.24
2021-07-21;4.2;4.24;4.24
2021-07-22;4.1;4.24;4.24
2021-07-23;4.27;4.24;4.24
2021-07-26;4.58;4.24;4.24
2021-07-27;5.01;4.24;4.24
2021-07-28;4.76;4.12;4.19
2021-07-29;4.78;4.12;4.19
2021-07-30;4.65;4.12;4.19
2021-08-02;4.68;4.12;4.19
2021-08-03;4.7;4.12;4.19
2021-08-04;4.7;4.12;4.19
2021-08-05;4.71;4.12;4.19
2021-08-06;4.77;4.12;4.19
2021-08-09;4.61;4.12;4.19
2021-08-10;4.7;4.12;4.19
2021-08-11;4.62;4.12;4.19
2021-08-12;4.58;4.12;4.19
2021-08-13;4.5;4.12;4.19
2021-08-16;4.41;4.12;4.19
2021-08-17;4.47;4.12;4.19
2021-08-18;4.31;4.12;4.19
2021-08-19;4.26;4.12;4.19
2021-08-20;4.3;4.12;4.19
2021-08-23;4.44;4.12;4.19
2021-08-24;4.49;4.12;4.19
2021-08-25;4.43;4.12;4.19
2021-08-26;4.39;4.12;4.19
2021-08-27;4.34;4.12;4.19
2021-08-30;4.34;4.12;4.19
2021-08-31;4.21;4.12;4.19
2021-09-01;4.28;4.12;4.19
2021-09-02;4.34;4.12;4.19
2021-09-03;4.42;4.12;4.19
2021-09-06;4.53;4.12;4.19
2021-09-07;4.43;4.12;4.19
2021-09-08;4.6;4.12;4.19
2021-09-09;4.6;4.12;4.19
2021-09-10;4.71;4.12;4.19
2021-09-13;4.9;4.12;4.19
2021-09-14;4.93;4.12;4.19
2021-09-15;4.89;4.12;4.19
2021-09-16;5.07;4.12;4.19
2021-09-17;5.12;4.12;4.19
2021-09-20;5.09;4.12;4.19
2021-09-21;4.89;4.12;4.19
2021-09-22;5.17;4.12;4.19
2021-09-23;5.38;4.12;4.19
2021-09-24;5.58;4.12;4.19
2021-09-27;5.67;4.12;4.19
2021-09-28;5.4;4.12;4.19
2021-09-29;5.58;4.12;4.19
2021-09-30;5.66;4.12;4.19
2021-10-01;5.88;4.12;4.19
2021-10-04;5.93;4.12;4.19
2021-10-05;5.99;4.12;4.19
2021-10-06;6.07;4.12;4.19
2021-10-07;6.3;4.12;4.19
2021-10-08;6.2;4.12;4.19
2021-10-11;6.25;4.12;4.19
2021-10-12;6.13;4.12;4.19
2021-10-13;6.2;4.12;4.19
2021-10-14;6.18;4.12;4.19
2021-10-15;6.29;4.12;4.19
2021-10-18;6.2;4.12;4.19
2021-10-19;6.25;4.12;4.19
2021-10-20;6.3;4.12;4.19
2021-10-21;6.21;4.12;4.19
2021-10-22;6.3;4.12;4.19
2021-10-25;6.19;4.12;4.19
2021-10-26;6.2;4.12;4.19
2021-10-27;6.07;4.12;4.19
2021-10-28;5.97;4.12;4.19
2021-10-29;6.22;4.12;4.19
2021-11-01;6.04;4.12;4.19
2021-11-02;6;4.12;4.19
2021-11-03;5.89;4.64;4.64
2021-11-04;6.3;4.64;4.64
2021-11-05;6.09;4.64;4.64
2021-11-08;5.91;4.64;4.64
2021-11-09;5.96;4.64;4.64
2021-11-10;5.83;4.64;4.64
2021-11-11;5.88;4.64;4.64
2021-11-12;5.94;4.64;4.64
2021-11-15;6.2;4.64;4.64
2021-11-16;6.05;4.64;4.64
2021-11-17;6.2;4.64;4.64
2021-11-18;6.09;4.64;4.64
2021-11-19;6.14;4.64;4.64
2021-11-22;6.14;4.64;4.64
2021-11-23;5.56;4.64;4.64
2021-11-24;5.53;4.64;4.64
2021-11-25;5.52;4.64;4.64
2021-11-26;5.23;4.64;4.64
2021-11-29;5.34;4.64;4.64
2021-11-30;5.37;4.64;4.64
2021-12-01;5.36;4.64;4.64
2021-12-02;5.27;4.64;4.64
2021-12-03;5.16;4.64;4.64
2021-12-06;5.24;4.64;4.64
2021-12-07;5.25;4.64;4.64
